Name,Original_Name,Category,Rating,Address,Latitude,Longitude,Recommended_Menus,How_To_Eat,Transit_Access,Google_Maps_URL
"푸항또우장","阜杭豆漿","전통 조식 (또우장)",4.1,"100 대만 Taipei City, Zhongzheng District, Xingfu Village, Section 1, Zhongxiao E Rd, 108號2樓",25.0442333,121.5248433,"호우샤오빙 자유티아오 (厚燒餅夾油條) / 셴또우장 (鹹豆漿) / 딴빙 (蛋餅)","셴또우장은 젓지 말고 순두부를 부드럽게 떠먹으며 유티아오를 적셔 먹음. 샤오빙은 갓 나왔을 때 온기가 있을 때 바로 취식.","MRT 반난선 샨다오스역 5번 출구 바로 앞 화산시장 2층","https://www.google.com/maps?q=25.0442333,121.5248433"
"융허또우장 다안점","永和豆漿大王 復興南路","전통 조식 (또우장)",4.1,"No. 102號, Section 2, Fuxing S Rd, Longzhen Village, Da’an District, Taipei City, 대만 106",25.0297337,121.5433359,"딴빙 자유티아오 (蛋餅夾油條) / 빙톈또우장 (冰甜豆漿) / 샤오빙 총단 (燒餅夾蔥蛋)","테이블 간장 페이스트와 칠리소스를 딴빙에 뿌려 먹고, 시원한 톈또우장으로 입가심.","MRT 다안역 5번 출구 도보 5분 (24시간 영업)","https://www.google.com/maps?q=25.0297337,121.5433359"
"딩위안또우장","鼎元豆漿","전통 조식 (또우장)",4.1,"No. 30-1號, Jinhua St, Xinying Village, Zhongzheng District, Taipei City, 대만 106",25.0313264,121.5211797,"소룡탕포 (小籠湯包) / 셴또우장 (鹹豆漿) / 총요우빙 (蔥油餅加蛋)","소룡포 피를 살짝 찢어 육즙을 먼저 마신 뒤 생강채와 흑초를 올려 한입에 먹음.","MRT 중정기념당역 3번 출구 도보 6분","https://www.google.com/maps?q=25.0313264,121.5211797"
"유산동 우육면","劉山東牛肉麵","우육면",4.0,"No. 2號, Lane 14, Section 1, Kaifeng St, Liming Village, Zhongzheng District, Taipei City, 대만 100",25.0457149,121.5137602,"칭둔 우육면 (清燉牛肉麵) / 홍샤오 우육면 (紅燒牛肉麵) / 파이구 (排骨)","생마늘을 까서 한 입 깨물고 우육면 면과 국물을 들이켜는 산둥식 방식. 쏸차이 추가.","MRT 타이베이 메인역 Z4/Z6 출구 도보 4분","https://www.google.com/maps?q=25.0457149,121.5137602"
"융캉우육면","永康牛肉麵","우육면",3.7,"No. 17號, Lane 31, Section 2, Jinshan S Rd, Yongkang Village, Da’an District, Taipei City, 대만 106",25.0329382,121.5281111,"홍샤오 반근반육면 (紅燒半筋半肉麵) / 분증배골 (粉蒸排骨) / 칭둔 우육면","매콤하고 진한 홍샤오 국물에 쏸차이를 듬뿍 넣고, 분증배골 바닥 고구마를 긁어먹음.","MRT 동먼역 4번/5번 출구 도보 3분","https://www.google.com/maps?q=25.0329382,121.5281111"
"임동방 우육면","林東芳牛肉麵","우육면",3.8,"No. 322號, Section 2, Bade Rd, Pitou Village, Zhongshan District, Taipei City, 대만 104",25.0472524,121.5430792,"반근반육면 (半筋半肉麵) / 화화니 (花干) / 소고기 수육 (切牛肉)","맑은 한약재 육수를 맛본 뒤 주황색 특제 매운 소기름(라뉴요우)을 풀어 진국으로 변신.","MRT 중샤오푸싱역 1번 출구 도보 10분 (새벽 3시까지 영업)","https://www.google.com/maps?q=25.0472524,121.5430792"
"진펑 루로우판","金峰魯肉飯","루로우판",3.7,"No. 10-1號, Section 1, Roosevelt Rd, Longfu Village, Zhongzheng District, Taipei City, 대만 100",25.0320911,121.5185362,"루로우판 (滷肉飯) / 루단 (滷蛋) & 루더우간 (滷豆干) / 딩볜차오 (鼎邊趖)","밥과 고기를 다 비비지 않고 숟가락으로 떠먹으며 오이절임 곁들임.","MRT 중정기념당역 2번 출구 바로 앞 도보 1분","https://www.google.com/maps?q=25.0320911,121.5185362"
"황지 루로우판","黃記魯肉飯","루로우판",4.2,"No. 28號, Lane 183, Section 2, Zhongshan N Rd, Heng'an Village, Zhongshan District, Taipei City, 대만 104",25.0636698,121.524142,"루로우판 (滷肉飯) / 티팡 (蹄膀 족발조림) / 루죽순 (滷筍絲)","젤라틴 깍둑비계를 밥과 살살 섞어 먹고 부드러운 족발 살코기와 죽순 곁들임.","MRT 중산초교역 1번 출구 도보 5분","https://www.google.com/maps?q=25.0636698,121.524142"
"천천리","天天利美食坊","루로우판",4.1,"108 대만 Taipei City, Wanhua District, Wanshou Village, 漢中街32巷1號",25.0449773,121.5075459,"루로우판 지아 지단 (滷肉飯加煎蛋) / 커자이지엔 (蚵仔煎 굴전) / 뤄보가오 (蘿蔔糕)","반숙 계란 노른자를 톡 터뜨려 밥알 사이로 스며들게 한 뒤 비벼 먹음.","MRT 시먼역 6번 출구 도보 4분","https://www.google.com/maps?q=25.0449773,121.5075459"
"핀샨 생맹해선 러차오","品鱻生猛活海鮮","러차오 (대만식 선술집)",4.1,"No. 68號, Leli Rd, Quan'an Village, Da’an District, Taipei City, 대만 106",25.0259679,121.5517508,"창잉터우 (蒼蠅頭) / 차오거리 (炒蛤蜊) / 옌쑤샤 (鹽酥蝦)","무료 흰쌀밥에 창잉터우를 얹어 비벼 먹고 18일 타이완 생맥주 곁들임.","MRT 류장리역 도보 6분","https://www.google.com/maps?q=25.0259679,121.5517508"
"중앙시장 생맹해선 100 러차오","中央市場生猛海鮮 100","러차오 (대만식 선술집)",3.6,"No. 52-1號, Section 1, Chang'an E Rd, Zhengshou Village, Zhongshan District, Taipei City, 대만 10491",25.0481101,121.5282356,"펑리샤추 (鳳梨蝦球) / 톄반뉴러우 (鐵板牛肉) / 싼베이지 (三杯雞)","여러 가지 볶음 요리를 시켜 회전 테이블에 두고 셰어하며 맥주 파티.","MRT 중산역 2번 출구 도보 10분 (장안동로 러차오 거리)","https://www.google.com/maps?q=25.0481101,121.5282356"
"키키 레스토랑 신의점","KiKi餐廳 台北信義","러차오 (대만식 선술집)",4.1,"110 대만 Taipei City, Xinyi District, Xicun Village, Songshou Rd, 12號6樓",25.0354713,121.5638816,"라오피넌로우 (老皮嫩肉) / 창잉터우 (蒼蠅頭) / 펑리샤추 (鳳梨蝦球)","연두부 튀김을 숟가락으로 떠서 자작한 간장 소스를 적셔 먹고 창잉터우와 비빔밥.","MRT 타이베이101/세무역 4번 출구 도보 5분 (ATT 4 FUN 6층)","https://www.google.com/maps?q=25.0354713,121.5638816"
"르 팔레 (미슐랭 3스타)","頤宮中餐廳 Le Palais","미슐랭급 식당",4.5,"103 대만 Taipei City, Datong District, Jianming Village, Section 1, Chengde Rd, 3號17樓",25.0491485,121.5168698,"화염편피압 (火焰片皮鴨) / 춘풍득의장 (春風得意腸) / 선지압 (先知鴨)","오리 껍질을 백설탕에 찍어 먼저 먹은 후 밀전병에 파채와 쌈 싸 먹음. 뼈는 오리죽.","MRT 타이베이 메인역 Y5 출구 도보 2분 (군품주점 17층)","https://www.google.com/maps?q=25.0491485,121.5168698"
"마운틴 앤 씨 하우스 (미슐랭 1스타/그린스타)","山海樓 手工台菜餐廳","미슐랭급 식당",4.1,"No. 94號, Section 2, Ren'ai Rd, San'ai Village, Zhongzheng District, Taipei City, 대만 100",25.0379808,121.5314068,"산해 호화 병반 (山海豪華拼盤) / 홍화게 찹쌀밥 (紅蟳米糕) / 금은삼보조 (金銀三寶料)","1930년대 연회 요리를 코스 순서로 즐기며, 게장을 찹쌀밥에 비벼 먹음.","MRT 중샤오신성역 5번/6번 출구 도보 5분","https://www.google.com/maps?q=25.0379808,121.5314068"
"신예 대만요리 본점 (미슐랭 셀렉티드)","欣葉台菜 創始店","미슐랭급 식당",4.2,"No. 34之1號, Shuangcheng St, Qingguang Village, Zhongshan District, Taipei City, 대만 10491",25.064512,121.525531,"챠이보단 (菜脯蛋) / 싼베이지 (三杯雞) / 수제 행인두부 (欣葉手作杏仁豆腐)","원형 무절임 계란부침을 피자처럼 잘라 밥 위에 얹어 먹고, 식후 쫄깃한 행인두부.","MRT 중산초교역 1번 출구 도보 6분","https://www.google.com/maps?q=25.064512,121.525531"
